filename,title,primary_keyword,peptide,category,type,tier,vendors
bpc-157-for-rotator-cuff.html,"BPC-157 for Rotator Cuff: Research, Protocol & What to Expect",BPC-157 for rotator cuff,BPC-157,Healing,Condition-Specific,1,
bpc-157-for-achilles-tendon.html,"BPC-157 for Achilles Tendon: Research, Protocol & What to Expect",BPC-157 for achilles tendon,BPC-157,Healing,Condition-Specific,1,
bpc-157-for-knee-injury.html,"BPC-157 for Knee Injury: Research, Protocol & What to Expect",BPC-157 for knee injury,BPC-157,Healing,Condition-Specific,1,
bpc-157-for-meniscus-tear.html,"BPC-157 for Meniscus Tear: Research, Protocol & What to Expect",BPC-157 for meniscus tear,BPC-157,Healing,Condition-Specific,1,
bpc-157-for-tennis-elbow.html,"BPC-157 for Tennis Elbow: Research, Protocol & What to Expect",BPC-157 for tennis elbow,BPC-157,Healing,Condition-Specific,1,
bpc-157-for-plantar-fasciitis.html,"BPC-157 for Plantar Fasciitis: Research, Protocol & What to Expect",BPC-157 for plantar fasciitis,BPC-157,Healing,Condition-Specific,1,
bpc-157-for-herniated-disc.html,"BPC-157 for Herniated Disc: Research, Protocol & What to Expect",BPC-157 for herniated disc,BPC-157,Healing,Condition-Specific,1,
bpc-157-for-acl-tear.html,"BPC-157 for Acl Tear: Research, Protocol & What to Expect",BPC-157 for ACL tear,BPC-157,Healing,Condition-Specific,1,
bpc-157-for-shoulder-injury.html,"BPC-157 for Shoulder Injury: Research, Protocol & What to Expect",BPC-157 for shoulder injury,BPC-157,Healing,Condition-Specific,1,
bpc-157-for-back-pain.html,"BPC-157 for Back Pain: Research, Protocol & What to Expect",BPC-157 for back pain,BPC-157,Healing,Condition-Specific,1,
bpc-157-for-hip-pain.html,"BPC-157 for Hip Pain: Research, Protocol & What to Expect",BPC-157 for hip pain,BPC-157,Healing,Condition-Specific,1,
bpc-157-for-wrist-injury.html,"BPC-157 for Wrist Injury: Research, Protocol & What to Expect",BPC-157 for wrist injury,BPC-157,Healing,Condition-Specific,1,
bpc-157-for-ankle-sprain.html,"BPC-157 for Ankle Sprain: Research, Protocol & What to Expect",BPC-157 for ankle sprain,BPC-157,Healing,Condition-Specific,1,
bpc-157-for-golfers-elbow.html,"BPC-157 for Golfers Elbow: Research, Protocol & What to Expect",BPC-157 for golfers elbow,BPC-157,Healing,Condition-Specific,1,
bpc-157-for-carpal-tunnel.html,"BPC-157 for Carpal Tunnel: Research, Protocol & What to Expect",BPC-157 for carpal tunnel,BPC-157,Healing,Condition-Specific,1,
bpc-157-for-shin-splints.html,"BPC-157 for Shin Splints: Research, Protocol & What to Expect",BPC-157 for shin splints,BPC-157,Healing,Condition-Specific,1,
bpc-157-for-torn-labrum.html,"BPC-157 for Torn Labrum: Research, Protocol & What to Expect",BPC-157 for torn labrum,BPC-157,Healing,Condition-Specific,1,
bpc-157-for-hamstring-tear.html,"BPC-157 for Hamstring Tear: Research, Protocol & What to Expect",BPC-157 for hamstring tear,BPC-157,Healing,Condition-Specific,1,
bpc-157-for-quad-tear.html,"BPC-157 for Quad Tear: Research, Protocol & What to Expect",BPC-157 for quad tear,BPC-157,Healing,Condition-Specific,1,
bpc-157-for-muscle-tear.html,"BPC-157 for Muscle Tear: Research, Protocol & What to Expect",BPC-157 for muscle tear,BPC-157,Healing,Condition-Specific,1,
bpc-157-for-ligament-damage.html,"BPC-157 for Ligament Damage: Research, Protocol & What to Expect",BPC-157 for ligament damage,BPC-157,Healing,Condition-Specific,1,
bpc-157-for-nerve-damage.html,"BPC-157 for Nerve Damage: Research, Protocol & What to Expect",BPC-157 for nerve damage,BPC-157,Healing,Condition-Specific,1,
bpc-157-for-ulcer.html,"BPC-157 for Ulcer: Research, Protocol & What to Expect",BPC-157 for ulcer,BPC-157,Healing,Condition-Specific,1,
bpc-157-for-ibs.html,"BPC-157 for Ibs: Research, Protocol & What to Expect",BPC-157 for IBS,BPC-157,Healing,Condition-Specific,1,
bpc-157-for-leaky-gut.html,"BPC-157 for Leaky Gut: Research, Protocol & What to Expect",BPC-157 for leaky gut,BPC-157,Healing,Condition-Specific,1,
bpc-157-for-gastritis.html,"BPC-157 for Gastritis: Research, Protocol & What to Expect",BPC-157 for gastritis,BPC-157,Healing,Condition-Specific,1,
bpc-157-for-colitis.html,"BPC-157 for Colitis: Research, Protocol & What to Expect",BPC-157 for colitis,BPC-157,Healing,Condition-Specific,1,
bpc-157-for-gerd.html,"BPC-157 for Gerd: Research, Protocol & What to Expect",BPC-157 for GERD,BPC-157,Healing,Condition-Specific,1,
bpc-157-for-tendonitis.html,"BPC-157 for Tendonitis: Research, Protocol & What to Expect",BPC-157 for tendonitis,BPC-157,Healing,Condition-Specific,1,
bpc-157-for-bursitis.html,"BPC-157 for Bursitis: Research, Protocol & What to Expect",BPC-157 for bursitis,BPC-157,Healing,Condition-Specific,1,
bpc-157-for-arthritis.html,"BPC-157 for Arthritis: Research, Protocol & What to Expect",BPC-157 for arthritis,BPC-157,Healing,Condition-Specific,1,
bpc-157-for-post-surgery.html,"BPC-157 for Post Surgery: Research, Protocol & What to Expect",BPC-157 for post surgery,BPC-157,Healing,Condition-Specific,1,
tb-500-for-rotator-cuff.html,"TB-500 for Rotator Cuff: Research, Protocol & What to Expect",TB-500 for rotator cuff,TB-500,Healing,Condition-Specific,1,
tb-500-for-achilles-tendon.html,"TB-500 for Achilles Tendon: Research, Protocol & What to Expect",TB-500 for achilles tendon,TB-500,Healing,Condition-Specific,1,
tb-500-for-knee-injury.html,"TB-500 for Knee Injury: Research, Protocol & What to Expect",TB-500 for knee injury,TB-500,Healing,Condition-Specific,1,
tb-500-for-meniscus-tear.html,"TB-500 for Meniscus Tear: Research, Protocol & What to Expect",TB-500 for meniscus tear,TB-500,Healing,Condition-Specific,1,
tb-500-for-tennis-elbow.html,"TB-500 for Tennis Elbow: Research, Protocol & What to Expect",TB-500 for tennis elbow,TB-500,Healing,Condition-Specific,1,
tb-500-for-muscle-tear.html,"TB-500 for Muscle Tear: Research, Protocol & What to Expect",TB-500 for muscle tear,TB-500,Healing,Condition-Specific,1,
tb-500-for-hamstring-injury.html,"TB-500 for Hamstring Injury: Research, Protocol & What to Expect",TB-500 for hamstring injury,TB-500,Healing,Condition-Specific,1,
tb-500-for-shoulder-injury.html,"TB-500 for Shoulder Injury: Research, Protocol & What to Expect",TB-500 for shoulder injury,TB-500,Healing,Condition-Specific,1,
tb-500-for-back-injury.html,"TB-500 for Back Injury: Research, Protocol & What to Expect",TB-500 for back injury,TB-500,Healing,Condition-Specific,1,
tb-500-for-ankle-sprain.html,"TB-500 for Ankle Sprain: Research, Protocol & What to Expect",TB-500 for ankle sprain,TB-500,Healing,Condition-Specific,1,
tb-500-for-ligament-injury.html,"TB-500 for Ligament Injury: Research, Protocol & What to Expect",TB-500 for ligament injury,TB-500,Healing,Condition-Specific,1,
tb-500-for-post-surgery.html,"TB-500 for Post Surgery: Research, Protocol & What to Expect",TB-500 for post surgery,TB-500,Healing,Condition-Specific,1,
tb-500-for-tendonitis.html,"TB-500 for Tendonitis: Research, Protocol & What to Expect",TB-500 for tendonitis,TB-500,Healing,Condition-Specific,1,
tb-500-for-hair-loss.html,"TB-500 for Hair Loss: Research, Protocol & What to Expect",TB-500 for hair loss,TB-500,Healing,Condition-Specific,1,
tb-500-for-wound-healing.html,"TB-500 for Wound Healing: Research, Protocol & What to Expect",TB-500 for wound healing,TB-500,Healing,Condition-Specific,1,
tb-500-for-cardiac-injury.html,"TB-500 for Cardiac Injury: Research, Protocol & What to Expect",TB-500 for cardiac injury,TB-500,Healing,Condition-Specific,1,
tb-500-for-flexibility.html,"TB-500 for Flexibility: Research, Protocol & What to Expect",TB-500 for flexibility,TB-500,Healing,Condition-Specific,1,
tb-500-for-scar-tissue.html,"TB-500 for Scar Tissue: Research, Protocol & What to Expect",TB-500 for scar tissue,TB-500,Healing,Condition-Specific,1,
ghk-cu-for-wrinkles.html,"GHK-Cu for Wrinkles: Research, Protocol & What to Expect",GHK-Cu for wrinkles,GHK-Cu,Longevity,Condition-Specific,1,
ghk-cu-for-acne-scars.html,"GHK-Cu for Acne Scars: Research, Protocol & What to Expect",GHK-Cu for acne scars,GHK-Cu,Longevity,Condition-Specific,1,
ghk-cu-for-hair-loss.html,"GHK-Cu for Hair Loss: Research, Protocol & What to Expect",GHK-Cu for hair loss,GHK-Cu,Longevity,Condition-Specific,1,
ghk-cu-for-hair-thinning.html,"GHK-Cu for Hair Thinning: Research, Protocol & What to Expect",GHK-Cu for hair thinning,GHK-Cu,Longevity,Condition-Specific,1,
ghk-cu-for-wound-healing.html,"GHK-Cu for Wound Healing: Research, Protocol & What to Expect",GHK-Cu for wound healing,GHK-Cu,Longevity,Condition-Specific,1,
ghk-cu-for-skin-aging.html,"GHK-Cu for Skin Aging: Research, Protocol & What to Expect",GHK-Cu for skin aging,GHK-Cu,Longevity,Condition-Specific,1,
ghk-cu-for-sun-damage.html,"GHK-Cu for Sun Damage: Research, Protocol & What to Expect",GHK-Cu for sun damage,GHK-Cu,Longevity,Condition-Specific,1,
ghk-cu-for-stretch-marks.html,"GHK-Cu for Stretch Marks: Research, Protocol & What to Expect",GHK-Cu for stretch marks,GHK-Cu,Longevity,Condition-Specific,1,
ghk-cu-for-dark-spots.html,"GHK-Cu for Dark Spots: Research, Protocol & What to Expect",GHK-Cu for dark spots,GHK-Cu,Longevity,Condition-Specific,1,
ghk-cu-for-fine-lines.html,"GHK-Cu for Fine Lines: Research, Protocol & What to Expect",GHK-Cu for fine lines,GHK-Cu,Longevity,Condition-Specific,1,
ghk-cu-for-collagen-loss.html,"GHK-Cu for Collagen Loss: Research, Protocol & What to Expect",GHK-Cu for collagen loss,GHK-Cu,Longevity,Condition-Specific,1,
ghk-cu-for-surgical-scars.html,"GHK-Cu for Surgical Scars: Research, Protocol & What to Expect",GHK-Cu for surgical scars,GHK-Cu,Longevity,Condition-Specific,1,
semaglutide-for-type-2-diabetes.html,"Semaglutide for Type 2 Diabetes: Research, Protocol & What to Expect",Semaglutide for type 2 diabetes,Semaglutide,Weight Loss,Condition-Specific,1,
semaglutide-for-pcos-weight-gain.html,"Semaglutide for Pcos Weight Gain: Research, Protocol & What to Expect",Semaglutide for PCOS weight gain,Semaglutide,Weight Loss,Condition-Specific,1,
semaglutide-for-insulin-resistance.html,"Semaglutide for Insulin Resistance: Research, Protocol & What to Expect",Semaglutide for insulin resistance,Semaglutide,Weight Loss,Condition-Specific,1,
semaglutide-for-metabolic-syndrome.html,"Semaglutide for Metabolic Syndrome: Research, Protocol & What to Expect",Semaglutide for metabolic syndrome,Semaglutide,Weight Loss,Condition-Specific,1,
semaglutide-for-fatty-liver.html,"Semaglutide for Fatty Liver: Research, Protocol & What to Expect",Semaglutide for fatty liver,Semaglutide,Weight Loss,Condition-Specific,1,
semaglutide-for-nafld.html,"Semaglutide for Nafld: Research, Protocol & What to Expect",Semaglutide for NAFLD,Semaglutide,Weight Loss,Condition-Specific,1,
semaglutide-for-binge-eating.html,"Semaglutide for Binge Eating: Research, Protocol & What to Expect",Semaglutide for binge eating,Semaglutide,Weight Loss,Condition-Specific,1,
semaglutide-for-emotional-eating.html,"Semaglutide for Emotional Eating: Research, Protocol & What to Expect",Semaglutide for emotional eating,Semaglutide,Weight Loss,Condition-Specific,1,
mk-677-for-muscle-wasting.html,"MK-677 for Muscle Wasting: Research, Protocol & What to Expect",MK-677 for muscle wasting,MK-677,Growth Hormone,Condition-Specific,1,
mk-677-for-bone-density.html,"MK-677 for Bone Density: Research, Protocol & What to Expect",MK-677 for bone density,MK-677,Growth Hormone,Condition-Specific,1,
mk-677-for-insomnia.html,"MK-677 for Insomnia: Research, Protocol & What to Expect",MK-677 for insomnia,MK-677,Growth Hormone,Condition-Specific,1,
mk-677-for-poor-appetite.html,"MK-677 for Poor Appetite: Research, Protocol & What to Expect",MK-677 for poor appetite,MK-677,Growth Hormone,Condition-Specific,1,
mk-677-for-growth-hormone-deficiency.html,"MK-677 for Growth Hormone Deficiency: Research, Protocol & What to Expect",MK-677 for growth hormone deficiency,MK-677,Growth Hormone,Condition-Specific,1,
bpc-157-and-ibuprofen.html,"BPC-157 and Ibuprofen: Interactions, Safety & What to Know",BPC-157 and ibuprofen,BPC-157,Healing,Single Peptide,1,
bpc-157-and-nsaids.html,"BPC-157 and Nsaids: Interactions, Safety & What to Know",BPC-157 and NSAIDs,BPC-157,Healing,Single Peptide,1,
bpc-157-and-alcohol.html,"BPC-157 and Alcohol: Interactions, Safety & What to Know",BPC-157 and alcohol,BPC-157,Healing,Single Peptide,1,
bpc-157-and-antibiotics.html,"BPC-157 and Antibiotics: Interactions, Safety & What to Know",BPC-157 and antibiotics,BPC-157,Healing,Single Peptide,1,
bpc-157-and-aspirin.html,"BPC-157 and Aspirin: Interactions, Safety & What to Know",BPC-157 and aspirin,BPC-157,Healing,Single Peptide,1,
bpc-157-and-creatine.html,"BPC-157 and Creatine: Interactions, Safety & What to Know",BPC-157 and creatine,BPC-157,Healing,Single Peptide,1,
bpc-157-and-prednisone.html,"BPC-157 and Prednisone: Interactions, Safety & What to Know",BPC-157 and prednisone,BPC-157,Healing,Single Peptide,1,
bpc-157-and-cortisone.html,"BPC-157 and Cortisone: Interactions, Safety & What to Know",BPC-157 and cortisone,BPC-157,Healing,Single Peptide,1,
bpc-157-and-testosterone.html,"BPC-157 and Testosterone: Interactions, Safety & What to Know",BPC-157 and testosterone,BPC-157,Healing,Single Peptide,1,
bpc-157-and-hgh.html,"BPC-157 and Hgh: Interactions, Safety & What to Know",BPC-157 and HGH,BPC-157,Healing,Single Peptide,1,
bpc-157-and-metformin.html,"BPC-157 and Metformin: Interactions, Safety & What to Know",BPC-157 and metformin,BPC-157,Healing,Single Peptide,1,
bpc-157-and-omeprazole.html,"BPC-157 and Omeprazole: Interactions, Safety & What to Know",BPC-157 and omeprazole,BPC-157,Healing,Single Peptide,1,
bpc-157-and-cbd.html,"BPC-157 and Cbd: Interactions, Safety & What to Know",BPC-157 and CBD,BPC-157,Healing,Single Peptide,1,
semaglutide-and-metformin.html,"Semaglutide and Metformin: Interactions, Safety & What to Know",Semaglutide and metformin,Semaglutide,Weight Loss,Single Peptide,1,
semaglutide-and-alcohol.html,"Semaglutide and Alcohol: Interactions, Safety & What to Know",Semaglutide and alcohol,Semaglutide,Weight Loss,Single Peptide,1,
semaglutide-and-birth-control.html,"Semaglutide and Birth Control: Interactions, Safety & What to Know",Semaglutide and birth control,Semaglutide,Weight Loss,Single Peptide,1,
semaglutide-and-insulin.html,"Semaglutide and Insulin: Interactions, Safety & What to Know",Semaglutide and insulin,Semaglutide,Weight Loss,Single Peptide,1,
semaglutide-and-ozempic.html,"Semaglutide and Ozempic: Interactions, Safety & What to Know",Semaglutide and ozempic,Semaglutide,Weight Loss,Single Peptide,1,
semaglutide-and-levothyroxine.html,"Semaglutide and Levothyroxine: Interactions, Safety & What to Know",Semaglutide and levothyroxine,Semaglutide,Weight Loss,Single Peptide,1,
semaglutide-and-antidepressants.html,"Semaglutide and Antidepressants: Interactions, Safety & What to Know",Semaglutide and antidepressants,Semaglutide,Weight Loss,Single Peptide,1,
semaglutide-and-berberine.html,"Semaglutide and Berberine: Interactions, Safety & What to Know",Semaglutide and berberine,Semaglutide,Weight Loss,Single Peptide,1,
semaglutide-and-phentermine.html,"Semaglutide and Phentermine: Interactions, Safety & What to Know",Semaglutide and phentermine,Semaglutide,Weight Loss,Single Peptide,1,
semaglutide-and-coffee.html,"Semaglutide and Coffee: Interactions, Safety & What to Know",Semaglutide and coffee,Semaglutide,Weight Loss,Single Peptide,1,
semaglutide-and-ibuprofen.html,"Semaglutide and Ibuprofen: Interactions, Safety & What to Know",Semaglutide and ibuprofen,Semaglutide,Weight Loss,Single Peptide,1,
semaglutide-and-antibiotics.html,"Semaglutide and Antibiotics: Interactions, Safety & What to Know",Semaglutide and antibiotics,Semaglutide,Weight Loss,Single Peptide,1,
semaglutide-and-wellbutrin.html,"Semaglutide and Wellbutrin: Interactions, Safety & What to Know",Semaglutide and Wellbutrin,Semaglutide,Weight Loss,Single Peptide,1,
tirzepatide-and-metformin.html,"Tirzepatide and Metformin: Interactions, Safety & What to Know",Tirzepatide and metformin,Tirzepatide,Weight Loss,Single Peptide,1,
tirzepatide-and-alcohol.html,"Tirzepatide and Alcohol: Interactions, Safety & What to Know",Tirzepatide and alcohol,Tirzepatide,Weight Loss,Single Peptide,1,
tirzepatide-and-insulin.html,"Tirzepatide and Insulin: Interactions, Safety & What to Know",Tirzepatide and insulin,Tirzepatide,Weight Loss,Single Peptide,1,
tirzepatide-and-birth-control.html,"Tirzepatide and Birth Control: Interactions, Safety & What to Know",Tirzepatide and birth control,Tirzepatide,Weight Loss,Single Peptide,1,
tirzepatide-and-levothyroxine.html,"Tirzepatide and Levothyroxine: Interactions, Safety & What to Know",Tirzepatide and levothyroxine,Tirzepatide,Weight Loss,Single Peptide,1,
tirzepatide-and-semaglutide.html,"Tirzepatide and Semaglutide: Interactions, Safety & What to Know",Tirzepatide and semaglutide,Tirzepatide,Weight Loss,Single Peptide,1,
tirzepatide-and-phentermine.html,"Tirzepatide and Phentermine: Interactions, Safety & What to Know",Tirzepatide and phentermine,Tirzepatide,Weight Loss,Single Peptide,1,
mk-677-and-creatine.html,"MK-677 and Creatine: Interactions, Safety & What to Know",MK-677 and creatine,MK-677,Growth Hormone,Single Peptide,1,
mk-677-and-alcohol.html,"MK-677 and Alcohol: Interactions, Safety & What to Know",MK-677 and alcohol,MK-677,Growth Hormone,Single Peptide,1,
mk-677-and-melatonin.html,"MK-677 and Melatonin: Interactions, Safety & What to Know",MK-677 and melatonin,MK-677,Growth Hormone,Single Peptide,1,
mk-677-and-testosterone.html,"MK-677 and Testosterone: Interactions, Safety & What to Know",MK-677 and testosterone,MK-677,Growth Hormone,Single Peptide,1,
mk-677-and-hgh.html,"MK-677 and Hgh: Interactions, Safety & What to Know",MK-677 and HGH,MK-677,Growth Hormone,Single Peptide,1,
mk-677-and-caffeine.html,"MK-677 and Caffeine: Interactions, Safety & What to Know",MK-677 and caffeine,MK-677,Growth Hormone,Single Peptide,1,
mk-677-and-ashwagandha.html,"MK-677 and Ashwagandha: Interactions, Safety & What to Know",MK-677 and ashwagandha,MK-677,Growth Hormone,Single Peptide,1,
mk-677-and-gaba.html,"MK-677 and Gaba: Interactions, Safety & What to Know",MK-677 and GABA,MK-677,Growth Hormone,Single Peptide,1,
cjc-1295-and-alcohol.html,"CJC-1295 and Alcohol: Interactions, Safety & What to Know",CJC-1295 and alcohol,CJC-1295,Growth Hormone,Single Peptide,1,
cjc-1295-and-melatonin.html,"CJC-1295 and Melatonin: Interactions, Safety & What to Know",CJC-1295 and melatonin,CJC-1295,Growth Hormone,Single Peptide,1,
cjc-1295-and-hgh.html,"CJC-1295 and Hgh: Interactions, Safety & What to Know",CJC-1295 and HGH,CJC-1295,Growth Hormone,Single Peptide,1,
cjc-1295-and-testosterone.html,"CJC-1295 and Testosterone: Interactions, Safety & What to Know",CJC-1295 and testosterone,CJC-1295,Growth Hormone,Single Peptide,1,
cjc-1295-and-creatine.html,"CJC-1295 and Creatine: Interactions, Safety & What to Know",CJC-1295 and creatine,CJC-1295,Growth Hormone,Single Peptide,1,
ipamorelin-and-alcohol.html,"Ipamorelin and Alcohol: Interactions, Safety & What to Know",Ipamorelin and alcohol,Ipamorelin,Growth Hormone,Single Peptide,1,
ipamorelin-and-melatonin.html,"Ipamorelin and Melatonin: Interactions, Safety & What to Know",Ipamorelin and melatonin,Ipamorelin,Growth Hormone,Single Peptide,1,
ipamorelin-and-hgh.html,"Ipamorelin and Hgh: Interactions, Safety & What to Know",Ipamorelin and HGH,Ipamorelin,Growth Hormone,Single Peptide,1,
ipamorelin-and-cjc-1295.html,"Ipamorelin and Cjc-1295: Interactions, Safety & What to Know",Ipamorelin and CJC-1295,Ipamorelin,Growth Hormone,Single Peptide,1,
ipamorelin-and-ghrp-6.html,"Ipamorelin and Ghrp-6: Interactions, Safety & What to Know",Ipamorelin and GHRP-6,Ipamorelin,Growth Hormone,Single Peptide,1,
tb-500-and-bpc-157.html,"TB-500 and Bpc-157: Interactions, Safety & What to Know",TB-500 and BPC-157,TB-500,Healing,Single Peptide,1,
tb-500-and-hgh.html,"TB-500 and Hgh: Interactions, Safety & What to Know",TB-500 and HGH,TB-500,Healing,Single Peptide,1,
tb-500-and-alcohol.html,"TB-500 and Alcohol: Interactions, Safety & What to Know",TB-500 and alcohol,TB-500,Healing,Single Peptide,1,
tb-500-and-nsaids.html,"TB-500 and Nsaids: Interactions, Safety & What to Know",TB-500 and NSAIDs,TB-500,Healing,Single Peptide,1,
tb-500-and-testosterone.html,"TB-500 and Testosterone: Interactions, Safety & What to Know",TB-500 and testosterone,TB-500,Healing,Single Peptide,1,
pt-141-and-viagra.html,"PT-141 and Viagra: Interactions, Safety & What to Know",PT-141 and viagra,PT-141,Sexual Health,Single Peptide,1,
pt-141-and-cialis.html,"PT-141 and Cialis: Interactions, Safety & What to Know",PT-141 and cialis,PT-141,Sexual Health,Single Peptide,1,
pt-141-and-alcohol.html,"PT-141 and Alcohol: Interactions, Safety & What to Know",PT-141 and alcohol,PT-141,Sexual Health,Single Peptide,1,
pt-141-and-blood-pressure-medication.html,"PT-141 and Blood Pressure Medication: Interactions, Safety & What to Know",PT-141 and blood pressure medication,PT-141,Sexual Health,Single Peptide,1,
melanotan-ii-and-alcohol.html,"Melanotan II and Alcohol: Interactions, Safety & What to Know",Melanotan II and alcohol,Melanotan II,Tanning,Single Peptide,1,
melanotan-ii-and-sunscreen.html,"Melanotan II and Sunscreen: Interactions, Safety & What to Know",Melanotan II and sunscreen,Melanotan II,Tanning,Single Peptide,1,
melanotan-ii-and-antihistamines.html,"Melanotan II and Antihistamines: Interactions, Safety & What to Know",Melanotan II and antihistamines,Melanotan II,Tanning,Single Peptide,1,
bpc-157-where-to-inject-for-shoulder.html,BPC-157 Where To Inject For Shoulder: What You Need to Know,BPC-157 where to inject for shoulder,BPC-157,Healing,Single Peptide,1,
bpc-157-where-to-inject-for-knee.html,BPC-157 Where To Inject For Knee: What You Need to Know,BPC-157 where to inject for knee,BPC-157,Healing,Single Peptide,1,
bpc-157-where-to-inject-for-elbow.html,BPC-157 Where To Inject For Elbow: What You Need to Know,BPC-157 where to inject for elbow,BPC-157,Healing,Single Peptide,1,
bpc-157-where-to-inject-for-gut.html,BPC-157 Where To Inject For Gut: What You Need to Know,BPC-157 where to inject for gut,BPC-157,Healing,Single Peptide,1,
bpc-157-where-to-inject-for-back.html,BPC-157 Where To Inject For Back: What You Need to Know,BPC-157 where to inject for back,BPC-157,Healing,Single Peptide,1,
bpc-157-where-to-inject-for-hip.html,BPC-157 Where To Inject For Hip: What You Need to Know,BPC-157 where to inject for hip,BPC-157,Healing,Single Peptide,1,
bpc-157-where-to-inject-for-ankle.html,BPC-157 Where To Inject For Ankle: What You Need to Know,BPC-157 where to inject for ankle,BPC-157,Healing,Single Peptide,1,
bpc-157-morning-or-night.html,BPC-157 Morning Or Night: Complete Guide,BPC-157 morning or night,BPC-157,Healing,Single Peptide,1,
bpc-157-how-long-to-see-results.html,BPC-157 How Long To See Results: Complete Guide,BPC-157 how long to see results,BPC-157,Healing,Single Peptide,1,
bpc-157-can-you-take-orally.html,BPC-157 Can You Take Orally: Complete Guide,BPC-157 can you take orally,BPC-157,Healing,Single Peptide,1,
bpc-157-subcutaneous-vs-intramuscular.html,BPC-157 Subcutaneous Vs Intramuscular: Complete Guide,BPC-157 subcutaneous vs intramuscular,BPC-157,Healing,Single Peptide,1,
bpc-157-how-much-bacteriostatic-water-to-add.html,BPC-157 How Much Bacteriostatic Water To Add: Complete Guide,BPC-157 how much bacteriostatic water to add,BPC-157,Healing,Single Peptide,1,
bpc-157-how-many-times-a-day.html,BPC-157 How Many Times A Day: Complete Guide,BPC-157 how many times a day,BPC-157,Healing,Single Peptide,1,
bpc-157-empty-stomach-or-with-food.html,BPC-157 Empty Stomach Or With Food: Complete Guide,BPC-157 empty stomach or with food,BPC-157,Healing,Single Peptide,1,
bpc-157-how-long-does-a-vial-last.html,BPC-157 How Long Does A Vial Last: Complete Guide,BPC-157 how long does a vial last,BPC-157,Healing,Single Peptide,1,
bpc-157-can-you-travel-with.html,BPC-157 Can You Travel With: Complete Guide,BPC-157 can you travel with,BPC-157,Healing,Single Peptide,1,
bpc-157-does-it-need-to-be-refrigerated.html,BPC-157 Does It Need To Be Refrigerated: Complete Guide,BPC-157 does it need to be refrigerated,BPC-157,Healing,Single Peptide,1,
semaglutide-how-long-to-see-weight-loss-results.html,Semaglutide How Long To See Weight Loss Results: Complete Guide,Semaglutide how long to see weight loss results,Semaglutide,Weight Loss,Single Peptide,1,
semaglutide-what-to-eat-while-on.html,Semaglutide What To Eat While On: Complete Guide,Semaglutide what to eat while on,Semaglutide,Weight Loss,Single Peptide,1,
semaglutide-best-injection-site.html,Semaglutide Best Injection Site: Complete Guide,Semaglutide best injection site,Semaglutide,Weight Loss,Single Peptide,1,
semaglutide-when-to-take.html,Semaglutide When To Take: Complete Guide,Semaglutide when to take,Semaglutide,Weight Loss,Single Peptide,1,
semaglutide-how-to-deal-with-nausea.html,Semaglutide How To Deal With Nausea: Complete Guide,Semaglutide how to deal with nausea,Semaglutide,Weight Loss,Single Peptide,1,
semaglutide-plateau-what-to-do.html,Semaglutide Plateau What To Do: Complete Guide,Semaglutide plateau what to do,Semaglutide,Weight Loss,Single Peptide,1,
semaglutide-how-to-store-pen.html,Semaglutide How To Store Pen: Complete Guide,Semaglutide how to store pen,Semaglutide,Weight Loss,Single Peptide,1,
semaglutide-can-you-drink-alcohol.html,Semaglutide Can You Drink Alcohol: Complete Guide,Semaglutide can you drink alcohol,Semaglutide,Weight Loss,Single Peptide,1,
semaglutide-does-it-cause-hair-loss.html,Semaglutide Does It Cause Hair Loss: Complete Guide,Semaglutide does it cause hair loss,Semaglutide,Weight Loss,Single Peptide,1,
semaglutide-how-long-can-you-stay-on.html,Semaglutide How Long Can You Stay On: Complete Guide,Semaglutide how long can you stay on,Semaglutide,Weight Loss,Single Peptide,1,
semaglutide-what-happens-when-you-stop.html,Semaglutide What Happens When You Stop: Complete Guide,Semaglutide what happens when you stop,Semaglutide,Weight Loss,Single Peptide,1,
semaglutide-does-it-affect-fertility.html,Semaglutide Does It Affect Fertility: Complete Guide,Semaglutide does it affect fertility,Semaglutide,Weight Loss,Single Peptide,1,
mk-677-morning-or-night.html,MK-677 Morning Or Night: Complete Guide,MK-677 morning or night,MK-677,Growth Hormone,Single Peptide,1,
mk-677-does-it-cause-cancer.html,MK-677 Does It Cause Cancer: Complete Guide,MK-677 does it cause cancer,MK-677,Growth Hormone,Single Peptide,1,
mk-677-water-retention-how-to-reduce.html,MK-677 Water Retention How To Reduce: Complete Guide,MK-677 water retention how to reduce,MK-677,Growth Hormone,Single Peptide,1,
mk-677-does-it-increase-cortisol.html,MK-677 Does It Increase Cortisol: Complete Guide,MK-677 does it increase cortisol,MK-677,Growth Hormone,Single Peptide,1,
mk-677-blood-sugar-concerns.html,MK-677 Blood Sugar Concerns: Complete Guide,MK-677 blood sugar concerns,MK-677,Growth Hormone,Single Peptide,1,
mk-677-how-long-to-see-results.html,MK-677 How Long To See Results: Complete Guide,MK-677 how long to see results,MK-677,Growth Hormone,Single Peptide,1,
mk-677-with-or-without-food.html,MK-677 With Or Without Food: Complete Guide,MK-677 with or without food,MK-677,Growth Hormone,Single Peptide,1,
mk-677-does-it-affect-testosterone.html,MK-677 Does It Affect Testosterone: Complete Guide,MK-677 does it affect testosterone,MK-677,Growth Hormone,Single Peptide,1,
tirzepatide-how-long-to-see-results.html,Tirzepatide How Long To See Results: Complete Guide,Tirzepatide how long to see results,Tirzepatide,Weight Loss,Single Peptide,1,
tirzepatide-best-injection-site.html,Tirzepatide Best Injection Site: Complete Guide,Tirzepatide best injection site,Tirzepatide,Weight Loss,Single Peptide,1,
tirzepatide-what-to-eat-while-on.html,Tirzepatide What To Eat While On: Complete Guide,Tirzepatide what to eat while on,Tirzepatide,Weight Loss,Single Peptide,1,
tirzepatide-what-happens-when-you-stop.html,Tirzepatide What Happens When You Stop: Complete Guide,Tirzepatide what happens when you stop,Tirzepatide,Weight Loss,Single Peptide,1,
tirzepatide-does-it-affect-fertility.html,Tirzepatide Does It Affect Fertility: Complete Guide,Tirzepatide does it affect fertility,Tirzepatide,Weight Loss,Single Peptide,1,
tirzepatide-nausea-how-long-does-it-last.html,Tirzepatide Nausea How Long Does It Last: Complete Guide,Tirzepatide nausea how long does it last,Tirzepatide,Weight Loss,Single Peptide,1,
tb-500-where-to-inject-for-knee.html,TB-500 Where To Inject For Knee: What You Need to Know,TB-500 where to inject for knee,TB-500,Healing,Single Peptide,1,
tb-500-where-to-inject-for-shoulder.html,TB-500 Where To Inject For Shoulder: What You Need to Know,TB-500 where to inject for shoulder,TB-500,Healing,Single Peptide,1,
tb-500-where-to-inject-for-elbow.html,TB-500 Where To Inject For Elbow: What You Need to Know,TB-500 where to inject for elbow,TB-500,Healing,Single Peptide,1,
tb-500-how-long-to-see-results.html,TB-500 How Long To See Results: Complete Guide,TB-500 how long to see results,TB-500,Healing,Single Peptide,1,
tb-500-loading-phase-explained.html,TB-500 Loading Phase Explained: Complete Guide,TB-500 loading phase explained,TB-500,Healing,Single Peptide,1,
cjc-1295-best-time-to-inject.html,CJC-1295 Best Time To Inject: Complete Guide,CJC-1295 best time to inject,CJC-1295,Growth Hormone,Single Peptide,1,
cjc-1295-with-or-without-dac.html,CJC-1295 With Or Without Dac: Complete Guide,CJC-1295 with or without DAC,CJC-1295,Growth Hormone,Single Peptide,1,
cjc-1295-does-it-cause-cancer.html,CJC-1295 Does It Cause Cancer: Complete Guide,CJC-1295 does it cause cancer,CJC-1295,Growth Hormone,Single Peptide,1,
ipamorelin-best-time-to-inject.html,Ipamorelin Best Time To Inject: Complete Guide,Ipamorelin best time to inject,Ipamorelin,Growth Hormone,Single Peptide,1,
ipamorelin-does-it-increase-cortisol.html,Ipamorelin Does It Increase Cortisol: Complete Guide,Ipamorelin does it increase cortisol,Ipamorelin,Growth Hormone,Single Peptide,1,
ipamorelin-how-long-to-see-results.html,Ipamorelin How Long To See Results: Complete Guide,Ipamorelin how long to see results,Ipamorelin,Growth Hormone,Single Peptide,1,
ghk-cu-topical-vs-injectable.html,GHK-Cu Topical Vs Injectable: Complete Guide,GHK-Cu topical vs injectable,GHK-Cu,Longevity,Single Peptide,1,
ghk-cu-how-to-use-for-hair.html,GHK-Cu How To Use For Hair: Complete Guide,GHK-Cu how to use for hair,GHK-Cu,Longevity,Single Peptide,1,
ghk-cu-how-to-use-for-face.html,GHK-Cu How To Use For Face: Complete Guide,GHK-Cu how to use for face,GHK-Cu,Longevity,Single Peptide,1,
ghk-cu-microneedling-with.html,GHK-Cu Microneedling With: Complete Guide,GHK-Cu microneedling with,GHK-Cu,Longevity,Single Peptide,1,
pt-141-how-long-does-it-last.html,PT-141 How Long Does It Last: Complete Guide,PT-141 how long does it last,PT-141,Sexual Health,Single Peptide,1,
pt-141-how-fast-does-it-work.html,PT-141 How Fast Does It Work: Complete Guide,PT-141 how fast does it work,PT-141,Sexual Health,Single Peptide,1,
pt-141-can-women-use.html,PT-141 Can Women Use: Complete Guide,PT-141 can women use,PT-141,Sexual Health,Single Peptide,1,
pt-141-how-often-can-you-use.html,PT-141 How Often Can You Use: Complete Guide,PT-141 how often can you use,PT-141,Sexual Health,Single Peptide,1,
semaglutide-hair-loss-risk.html,"Semaglutide and Hair Loss: Risk, Research & How to Manage",Semaglutide hair loss,Semaglutide,Weight Loss,Single Peptide,1,
semaglutide-nausea-risk.html,"Semaglutide and Nausea: Risk, Research & How to Manage",Semaglutide nausea,Semaglutide,Weight Loss,Single Peptide,1,
semaglutide-constipation-risk.html,"Semaglutide and Constipation: Risk, Research & How to Manage",Semaglutide constipation,Semaglutide,Weight Loss,Single Peptide,1,
semaglutide-diarrhea-risk.html,"Semaglutide and Diarrhea: Risk, Research & How to Manage",Semaglutide diarrhea,Semaglutide,Weight Loss,Single Peptide,1,
semaglutide-fatigue-risk.html,"Semaglutide and Fatigue: Risk, Research & How to Manage",Semaglutide fatigue,Semaglutide,Weight Loss,Single Peptide,1,
semaglutide-pancreatitis-risk.html,"Semaglutide and Pancreatitis: Risk, Research & How to Manage",Semaglutide pancreatitis,Semaglutide,Weight Loss,Single Peptide,1,
semaglutide-thyroid-cancer-risk.html,"Semaglutide and Thyroid Cancer: Risk, Research & How to Manage",Semaglutide thyroid cancer,Semaglutide,Weight Loss,Single Peptide,1,
semaglutide-gallbladder-problems-risk.html,"Semaglutide and Gallbladder Problems: Risk, Research & How to Manage",Semaglutide gallbladder problems,Semaglutide,Weight Loss,Single Peptide,1,
semaglutide-muscle-loss-risk.html,"Semaglutide and Muscle Loss: Risk, Research & How to Manage",Semaglutide muscle loss,Semaglutide,Weight Loss,Single Peptide,1,
semaglutide-face-aging-risk.html,"Semaglutide and Face Aging: Risk, Research & How to Manage",Semaglutide face aging,Semaglutide,Weight Loss,Single Peptide,1,
semaglutide-ozempic-face-risk.html,"Semaglutide and Ozempic Face: Risk, Research & How to Manage",Semaglutide ozempic face,Semaglutide,Weight Loss,Single Peptide,1,
semaglutide-gastroparesis-risk.html,"Semaglutide and Gastroparesis: Risk, Research & How to Manage",Semaglutide gastroparesis,Semaglutide,Weight Loss,Single Peptide,1,
semaglutide-stomach-paralysis-risk.html,"Semaglutide and Stomach Paralysis: Risk, Research & How to Manage",Semaglutide stomach paralysis,Semaglutide,Weight Loss,Single Peptide,1,
semaglutide-depression-risk.html,"Semaglutide and Depression: Risk, Research & How to Manage",Semaglutide depression,Semaglutide,Weight Loss,Single Peptide,1,
tirzepatide-nausea-risk.html,"Tirzepatide and Nausea: Risk, Research & How to Manage",Tirzepatide nausea,Tirzepatide,Weight Loss,Single Peptide,1,
tirzepatide-hair-loss-risk.html,"Tirzepatide and Hair Loss: Risk, Research & How to Manage",Tirzepatide hair loss,Tirzepatide,Weight Loss,Single Peptide,1,
tirzepatide-pancreatitis-risk.html,"Tirzepatide and Pancreatitis: Risk, Research & How to Manage",Tirzepatide pancreatitis,Tirzepatide,Weight Loss,Single Peptide,1,
tirzepatide-muscle-loss-risk.html,"Tirzepatide and Muscle Loss: Risk, Research & How to Manage",Tirzepatide muscle loss,Tirzepatide,Weight Loss,Single Peptide,1,
tirzepatide-constipation-risk.html,"Tirzepatide and Constipation: Risk, Research & How to Manage",Tirzepatide constipation,Tirzepatide,Weight Loss,Single Peptide,1,
tirzepatide-fatigue-risk.html,"Tirzepatide and Fatigue: Risk, Research & How to Manage",Tirzepatide fatigue,Tirzepatide,Weight Loss,Single Peptide,1,
mk-677-water-retention-risk.html,"MK-677 and Water Retention: Risk, Research & How to Manage",MK-677 water retention,MK-677,Growth Hormone,Single Peptide,1,
mk-677-blood-sugar-risk.html,"MK-677 and Blood Sugar: Risk, Research & How to Manage",MK-677 blood sugar,MK-677,Growth Hormone,Single Peptide,1,
mk-677-insulin-resistance-risk.html,"MK-677 and Insulin Resistance: Risk, Research & How to Manage",MK-677 insulin resistance,MK-677,Growth Hormone,Single Peptide,1,
mk-677-numbness-tingling-risk.html,"MK-677 and Numbness Tingling: Risk, Research & How to Manage",MK-677 numbness tingling,MK-677,Growth Hormone,Single Peptide,1,
mk-677-increased-appetite-risk.html,"MK-677 and Increased Appetite: Risk, Research & How to Manage",MK-677 increased appetite,MK-677,Growth Hormone,Single Peptide,1,
mk-677-lethargy-risk.html,"MK-677 and Lethargy: Risk, Research & How to Manage",MK-677 lethargy,MK-677,Growth Hormone,Single Peptide,1,
mk-677-carpal-tunnel-risk.html,"MK-677 and Carpal Tunnel: Risk, Research & How to Manage",MK-677 carpal tunnel,MK-677,Growth Hormone,Single Peptide,1,
bpc-157-cancer-risk-risk.html,"BPC-157 and Cancer Risk: Risk, Research & How to Manage",BPC-157 cancer risk,BPC-157,Healing,Single Peptide,1,
bpc-157-tumor-growth-risk.html,"BPC-157 and Tumor Growth: Risk, Research & How to Manage",BPC-157 tumor growth,BPC-157,Healing,Single Peptide,1,
bpc-157-anxiety-risk.html,"BPC-157 and Anxiety: Risk, Research & How to Manage",BPC-157 anxiety,BPC-157,Healing,Single Peptide,1,
bpc-157-insomnia-risk.html,"BPC-157 and Insomnia: Risk, Research & How to Manage",BPC-157 insomnia,BPC-157,Healing,Single Peptide,1,
bpc-157-headache-risk.html,"BPC-157 and Headache: Risk, Research & How to Manage",BPC-157 headache,BPC-157,Healing,Single Peptide,1,
bpc-157-nausea-risk.html,"BPC-157 and Nausea: Risk, Research & How to Manage",BPC-157 nausea,BPC-157,Healing,Single Peptide,1,
bpc-157-dizziness-risk.html,"BPC-157 and Dizziness: Risk, Research & How to Manage",BPC-157 dizziness,BPC-157,Healing,Single Peptide,1,
melanotan-ii-nausea-risk.html,"Melanotan II and Nausea: Risk, Research & How to Manage",Melanotan II nausea,Melanotan II,Tanning,Single Peptide,1,
melanotan-ii-facial-flushing-risk.html,"Melanotan II and Facial Flushing: Risk, Research & How to Manage",Melanotan II facial flushing,Melanotan II,Tanning,Single Peptide,1,
melanotan-ii-moles-darkening-risk.html,"Melanotan II and Moles Darkening: Risk, Research & How to Manage",Melanotan II moles darkening,Melanotan II,Tanning,Single Peptide,1,
melanotan-ii-unwanted-erections-risk.html,"Melanotan II and Unwanted Erections: Risk, Research & How to Manage",Melanotan II unwanted erections,Melanotan II,Tanning,Single Peptide,1,
melanotan-ii-freckles-risk.html,"Melanotan II and Freckles: Risk, Research & How to Manage",Melanotan II freckles,Melanotan II,Tanning,Single Peptide,1,
pt-141-nausea-risk.html,"PT-141 and Nausea: Risk, Research & How to Manage",PT-141 nausea,PT-141,Sexual Health,Single Peptide,1,
pt-141-headache-risk.html,"PT-141 and Headache: Risk, Research & How to Manage",PT-141 headache,PT-141,Sexual Health,Single Peptide,1,
pt-141-flushing-risk.html,"PT-141 and Flushing: Risk, Research & How to Manage",PT-141 flushing,PT-141,Sexual Health,Single Peptide,1,
pt-141-blood-pressure-risk.html,"PT-141 and Blood Pressure: Risk, Research & How to Manage",PT-141 blood pressure,PT-141,Sexual Health,Single Peptide,1,
ghrp-6-extreme-hunger-risk.html,"GHRP-6 and Extreme Hunger: Risk, Research & How to Manage",GHRP-6 extreme hunger,GHRP-6,Growth Hormone,Single Peptide,2,
ghrp-6-cortisol-increase-risk.html,"GHRP-6 and Cortisol Increase: Risk, Research & How to Manage",GHRP-6 cortisol increase,GHRP-6,Growth Hormone,Single Peptide,2,
ghrp-6-water-retention-risk.html,"GHRP-6 and Water Retention: Risk, Research & How to Manage",GHRP-6 water retention,GHRP-6,Growth Hormone,Single Peptide,2,
bpc-157-vs-cortisone-injection.html,"BPC-157 vs Cortisone Injection: Comparison, Pros & Cons",BPC-157 vs cortisone injection,BPC-157,Comparison,Comparison,1,
bpc-157-vs-prp-therapy.html,"BPC-157 vs Prp Therapy: Comparison, Pros & Cons",BPC-157 vs PRP therapy,BPC-157,Comparison,Comparison,1,
bpc-157-vs-stem-cell-therapy.html,"BPC-157 vs Stem Cell Therapy: Comparison, Pros & Cons",BPC-157 vs stem cell therapy,BPC-157,Comparison,Comparison,1,
bpc-157-vs-physical-therapy-alone.html,"BPC-157 vs Physical Therapy Alone: Comparison, Pros & Cons",BPC-157 vs physical therapy alone,BPC-157,Comparison,Comparison,1,
bpc-157-vs-surgery.html,"BPC-157 vs Surgery: Comparison, Pros & Cons",BPC-157 vs surgery,BPC-157,Comparison,Comparison,1,
semaglutide-vs-ozempic.html,"Semaglutide vs Ozempic: Comparison, Pros & Cons",Semaglutide vs ozempic,Semaglutide,Comparison,Comparison,1,
semaglutide-vs-mounjaro.html,"Semaglutide vs Mounjaro: Comparison, Pros & Cons",Semaglutide vs mounjaro,Semaglutide,Comparison,Comparison,1,
semaglutide-vs-wegovy.html,"Semaglutide vs Wegovy: Comparison, Pros & Cons",Semaglutide vs wegovy,Semaglutide,Comparison,Comparison,1,
semaglutide-vs-phentermine.html,"Semaglutide vs Phentermine: Comparison, Pros & Cons",Semaglutide vs phentermine,Semaglutide,Comparison,Comparison,1,
semaglutide-vs-gastric-sleeve.html,"Semaglutide vs Gastric Sleeve: Comparison, Pros & Cons",Semaglutide vs gastric sleeve,Semaglutide,Comparison,Comparison,1,
semaglutide-vs-lap-band.html,"Semaglutide vs Lap Band: Comparison, Pros & Cons",Semaglutide vs lap band,Semaglutide,Comparison,Comparison,1,
semaglutide-vs-metformin-for-weight-loss.html,"Semaglutide vs Metformin For Weight Loss: Comparison, Pros & Cons",Semaglutide vs metformin for weight loss,Semaglutide,Comparison,Comparison,1,
semaglutide-vs-saxenda.html,"Semaglutide vs Saxenda: Comparison, Pros & Cons",Semaglutide vs saxenda,Semaglutide,Comparison,Comparison,1,
semaglutide-vs-contrave.html,"Semaglutide vs Contrave: Comparison, Pros & Cons",Semaglutide vs contrave,Semaglutide,Comparison,Comparison,1,
tirzepatide-vs-ozempic.html,"Tirzepatide vs Ozempic: Comparison, Pros & Cons",Tirzepatide vs ozempic,Tirzepatide,Comparison,Comparison,1,
tirzepatide-vs-wegovy.html,"Tirzepatide vs Wegovy: Comparison, Pros & Cons",Tirzepatide vs wegovy,Tirzepatide,Comparison,Comparison,1,
tirzepatide-vs-mounjaro.html,"Tirzepatide vs Mounjaro: Comparison, Pros & Cons",Tirzepatide vs mounjaro,Tirzepatide,Comparison,Comparison,1,
tirzepatide-vs-gastric-sleeve.html,"Tirzepatide vs Gastric Sleeve: Comparison, Pros & Cons",Tirzepatide vs gastric sleeve,Tirzepatide,Comparison,Comparison,1,
tirzepatide-vs-phentermine.html,"Tirzepatide vs Phentermine: Comparison, Pros & Cons",Tirzepatide vs phentermine,Tirzepatide,Comparison,Comparison,1,
mk-677-vs-hgh-injections.html,"MK-677 vs Hgh Injections: Comparison, Pros & Cons",MK-677 vs HGH injections,MK-677,Comparison,Comparison,1,
mk-677-vs-sermorelin.html,"MK-677 vs Sermorelin: Comparison, Pros & Cons",MK-677 vs sermorelin,MK-677,Comparison,Comparison,1,
mk-677-vs-natural-growth-hormone-boosters.html,"MK-677 vs Natural Growth Hormone Boosters: Comparison, Pros & Cons",MK-677 vs natural growth hormone boosters,MK-677,Comparison,Comparison,1,
ghk-cu-vs-retinol.html,"GHK-Cu vs Retinol: Comparison, Pros & Cons",GHK-Cu vs retinol,GHK-Cu,Comparison,Comparison,1,
ghk-cu-vs-vitamin-c-serum.html,"GHK-Cu vs Vitamin C Serum: Comparison, Pros & Cons",GHK-Cu vs vitamin C serum,GHK-Cu,Comparison,Comparison,1,
ghk-cu-vs-hyaluronic-acid.html,"GHK-Cu vs Hyaluronic Acid: Comparison, Pros & Cons",GHK-Cu vs hyaluronic acid,GHK-Cu,Comparison,Comparison,1,
ghk-cu-vs-microneedling-alone.html,"GHK-Cu vs Microneedling Alone: Comparison, Pros & Cons",GHK-Cu vs microneedling alone,GHK-Cu,Comparison,Comparison,1,
ghk-cu-vs-botox.html,"GHK-Cu vs Botox: Comparison, Pros & Cons",GHK-Cu vs botox,GHK-Cu,Comparison,Comparison,1,
pt-141-vs-viagra.html,"PT-141 vs Viagra: Comparison, Pros & Cons",PT-141 vs viagra,PT-141,Comparison,Comparison,1,
pt-141-vs-cialis.html,"PT-141 vs Cialis: Comparison, Pros & Cons",PT-141 vs cialis,PT-141,Comparison,Comparison,1,
pt-141-vs-levitra.html,"PT-141 vs Levitra: Comparison, Pros & Cons",PT-141 vs levitra,PT-141,Comparison,Comparison,1,
pt-141-vs-supplements-for-ed.html,"PT-141 vs Supplements For Ed: Comparison, Pros & Cons",PT-141 vs supplements for ED,PT-141,Comparison,Comparison,1,
melanotan-ii-vs-spray-tan.html,"Melanotan II vs Spray Tan: Comparison, Pros & Cons",Melanotan II vs spray tan,Melanotan II,Comparison,Comparison,1,
melanotan-ii-vs-tanning-beds.html,"Melanotan II vs Tanning Beds: Comparison, Pros & Cons",Melanotan II vs tanning beds,Melanotan II,Comparison,Comparison,1,
melanotan-ii-vs-dha-self-tanner.html,"Melanotan II vs Dha Self Tanner: Comparison, Pros & Cons",Melanotan II vs DHA self tanner,Melanotan II,Comparison,Comparison,1,
tb-500-vs-bpc-157.html,"TB-500 vs Bpc-157: Comparison, Pros & Cons",TB-500 vs BPC-157,TB-500,Comparison,Comparison,1,
tb-500-vs-prp-therapy.html,"TB-500 vs Prp Therapy: Comparison, Pros & Cons",TB-500 vs PRP therapy,TB-500,Comparison,Comparison,1,
tb-500-vs-stem-cell-therapy.html,"TB-500 vs Stem Cell Therapy: Comparison, Pros & Cons",TB-500 vs stem cell therapy,TB-500,Comparison,Comparison,1,
tb-500-vs-cortisone-injection.html,"TB-500 vs Cortisone Injection: Comparison, Pros & Cons",TB-500 vs cortisone injection,TB-500,Comparison,Comparison,1,
bpc-157-for-dogs.html,"BPC-157 For Dogs: Safety, Dosing & Research Guide",BPC-157 for dogs,BPC-157,Healing,Condition-Specific,1,
bpc-157-for-cats.html,"BPC-157 For Cats: Safety, Dosing & Research Guide",BPC-157 for cats,BPC-157,Healing,Condition-Specific,1,
bpc-157-for-horses.html,"BPC-157 For Horses: Safety, Dosing & Research Guide",BPC-157 for horses,BPC-157,Healing,Condition-Specific,1,
bpc-157-for-athletes.html,"BPC-157 For Athletes: Safety, Dosing & Research Guide",BPC-157 for athletes,BPC-157,Healing,Condition-Specific,1,
bpc-157-for-bodybuilders.html,"BPC-157 For Bodybuilders: Safety, Dosing & Research Guide",BPC-157 for bodybuilders,BPC-157,Healing,Condition-Specific,1,
bpc-157-for-runners.html,"BPC-157 For Runners: Safety, Dosing & Research Guide",BPC-157 for runners,BPC-157,Healing,Condition-Specific,1,
bpc-157-for-crossfit.html,"BPC-157 For Crossfit: Safety, Dosing & Research Guide",BPC-157 for crossfit,BPC-157,Healing,Condition-Specific,1,
bpc-157-for-elderly.html,"BPC-157 For Elderly: Safety, Dosing & Research Guide",BPC-157 for elderly,BPC-157,Healing,Condition-Specific,1,
bpc-157-while-breastfeeding.html,"BPC-157 While Breastfeeding: Safety, Dosing & Research Guide",BPC-157 while breastfeeding,BPC-157,Healing,Condition-Specific,1,
bpc-157-after-surgery.html,"BPC-157 After Surgery: Safety, Dosing & Research Guide",BPC-157 after surgery,BPC-157,Healing,Condition-Specific,1,
tb-500-for-dogs.html,"TB-500 For Dogs: Safety, Dosing & Research Guide",TB-500 for dogs,TB-500,Healing,Condition-Specific,1,
tb-500-for-horses.html,"TB-500 For Horses: Safety, Dosing & Research Guide",TB-500 for horses,TB-500,Healing,Condition-Specific,1,
tb-500-for-athletes.html,"TB-500 For Athletes: Safety, Dosing & Research Guide",TB-500 for athletes,TB-500,Healing,Condition-Specific,1,
tb-500-for-bodybuilders.html,"TB-500 For Bodybuilders: Safety, Dosing & Research Guide",TB-500 for bodybuilders,TB-500,Healing,Condition-Specific,1,
semaglutide-for-pcos.html,"Semaglutide For Pcos: Safety, Dosing & Research Guide",Semaglutide for PCOS,Semaglutide,Weight Loss,Condition-Specific,1,
semaglutide-for-teenagers.html,"Semaglutide For Teenagers: Safety, Dosing & Research Guide",Semaglutide for teenagers,Semaglutide,Weight Loss,Condition-Specific,1,
semaglutide-over-60.html,"Semaglutide Over 60: Safety, Dosing & Research Guide",Semaglutide over 60,Semaglutide,Weight Loss,Condition-Specific,1,
semaglutide-with-hypothyroidism.html,"Semaglutide With Hypothyroidism: Safety, Dosing & Research Guide",Semaglutide with hypothyroidism,Semaglutide,Weight Loss,Condition-Specific,1,
semaglutide-while-breastfeeding.html,"Semaglutide While Breastfeeding: Safety, Dosing & Research Guide",Semaglutide while breastfeeding,Semaglutide,Weight Loss,Condition-Specific,1,
semaglutide-for-athletes.html,"Semaglutide For Athletes: Safety, Dosing & Research Guide",Semaglutide for athletes,Semaglutide,Weight Loss,Condition-Specific,1,
semaglutide-for-binge-eating-disorder.html,"Semaglutide For Binge Eating Disorder: Safety, Dosing & Research Guide",Semaglutide for binge eating disorder,Semaglutide,Weight Loss,Condition-Specific,1,
semaglutide-without-diabetes.html,"Semaglutide Without Diabetes: Safety, Dosing & Research Guide",Semaglutide without diabetes,Semaglutide,Weight Loss,Condition-Specific,1,
tirzepatide-for-pcos.html,"Tirzepatide For Pcos: Safety, Dosing & Research Guide",Tirzepatide for PCOS,Tirzepatide,Weight Loss,Condition-Specific,1,
tirzepatide-over-60.html,"Tirzepatide Over 60: Safety, Dosing & Research Guide",Tirzepatide over 60,Tirzepatide,Weight Loss,Condition-Specific,1,
tirzepatide-for-non-diabetics.html,"Tirzepatide For Non Diabetics: Safety, Dosing & Research Guide",Tirzepatide for non diabetics,Tirzepatide,Weight Loss,Condition-Specific,1,
mk-677-for-athletes-over-40.html,"MK-677 For Athletes Over 40: Safety, Dosing & Research Guide",MK-677 for athletes over 40,MK-677,Growth Hormone,Condition-Specific,1,
mk-677-for-bodybuilders.html,"MK-677 For Bodybuilders: Safety, Dosing & Research Guide",MK-677 for bodybuilders,MK-677,Growth Hormone,Condition-Specific,1,
mk-677-for-elderly.html,"MK-677 For Elderly: Safety, Dosing & Research Guide",MK-677 for elderly,MK-677,Growth Hormone,Condition-Specific,1,
ipamorelin-for-athletes.html,"Ipamorelin For Athletes: Safety, Dosing & Research Guide",Ipamorelin for athletes,Ipamorelin,Growth Hormone,Condition-Specific,1,
ipamorelin-for-bodybuilders.html,"Ipamorelin For Bodybuilders: Safety, Dosing & Research Guide",Ipamorelin for bodybuilders,Ipamorelin,Growth Hormone,Condition-Specific,1,
ghk-cu-for-hair-loss-men.html,"GHK-Cu For Hair Loss Men: Safety, Dosing & Research Guide",GHK-Cu for hair loss men,GHK-Cu,Longevity,Condition-Specific,1,
ghk-cu-for-hair-loss-women.html,"GHK-Cu For Hair Loss Women: Safety, Dosing & Research Guide",GHK-Cu for hair loss women,GHK-Cu,Longevity,Condition-Specific,1,
ghk-cu-after-microneedling.html,"GHK-Cu After Microneedling: Safety, Dosing & Research Guide",GHK-Cu after microneedling,GHK-Cu,Longevity,Condition-Specific,1,
pt-141-for-women.html,"PT-141 For Women: Safety, Dosing & Research Guide",PT-141 for women,PT-141,Sexual Health,Condition-Specific,1,
pt-141-for-men-over-50.html,"PT-141 For Men Over 50: Safety, Dosing & Research Guide",PT-141 for men over 50,PT-141,Sexual Health,Condition-Specific,1,
selank-for-social-anxiety.html,"Selank For Social Anxiety: Safety, Dosing & Research Guide",Selank for social anxiety,Selank,Cognitive,Condition-Specific,2,
selank-for-ptsd.html,"Selank For Ptsd: Safety, Dosing & Research Guide",Selank for PTSD,Selank,Cognitive,Condition-Specific,2,
semax-for-adhd.html,"Semax For Adhd: Safety, Dosing & Research Guide",Semax for ADHD,Semax,Cognitive,Condition-Specific,2,
semax-for-studying.html,"Semax For Studying: Safety, Dosing & Research Guide",Semax for studying,Semax,Cognitive,Condition-Specific,2,
nad-plus-for-anti-aging.html,"NAD+ For Anti-Aging: Safety, Dosing & Research Guide",NAD+ for anti-aging,NAD+,Longevity,Condition-Specific,2,
nad-plus-for-chronic-fatigue.html,"NAD+ For Chronic Fatigue: Safety, Dosing & Research Guide",NAD+ for chronic fatigue,NAD+,Longevity,Condition-Specific,2,
nad-plus-for-addiction-recovery.html,"NAD+ For Addiction Recovery: Safety, Dosing & Research Guide",NAD+ for addiction recovery,NAD+,Longevity,Condition-Specific,2,
epithalon-for-longevity.html,"Epithalon For Longevity: Safety, Dosing & Research Guide",Epithalon for longevity,Epithalon,Longevity,Condition-Specific,2,
mots-c-for-diabetes.html,"MOTS-C For Diabetes: Safety, Dosing & Research Guide",MOTS-C for diabetes,MOTS-C,Longevity,Condition-Specific,2,
mots-c-for-weight-loss.html,"MOTS-C For Weight Loss: Safety, Dosing & Research Guide",MOTS-C for weight loss,MOTS-C,Longevity,Condition-Specific,2,
5-amino-1mq-for-stubborn-belly-fat.html,"5-Amino-1MQ For Stubborn Belly Fat: Safety, Dosing & Research Guide",5-Amino-1MQ for stubborn belly fat,5-Amino-1MQ,Weight Loss,Condition-Specific,2,
ll-37-for-lyme-disease.html,"LL-37 For Lyme Disease: Safety, Dosing & Research Guide",LL-37 for Lyme disease,LL-37,Immune,Condition-Specific,2,
ll-37-for-mold-illness.html,"LL-37 For Mold Illness: Safety, Dosing & Research Guide",LL-37 for mold illness,LL-37,Immune,Condition-Specific,2,
thymosin-alpha-1-for-cancer-support.html,"Thymosin Alpha-1 For Cancer Support: Safety, Dosing & Research Guide",Thymosin Alpha-1 for cancer support,Thymosin Alpha-1,Immune,Condition-Specific,2,
thymosin-alpha-1-for-long-covid.html,"Thymosin Alpha-1 For Long Covid: Safety, Dosing & Research Guide",Thymosin Alpha-1 for long COVID,Thymosin Alpha-1,Immune,Condition-Specific,2,
dsip-for-shift-workers.html,"DSIP For Shift Workers: Safety, Dosing & Research Guide",DSIP for shift workers,DSIP,Sleep,Condition-Specific,3,
retatrutide-vs-semaglutide.html,"Retatrutide Vs Semaglutide: Safety, Dosing & Research Guide",Retatrutide vs semaglutide,Retatrutide,Weight Loss,Condition-Specific,2,
retatrutide-vs-tirzepatide.html,"Retatrutide Vs Tirzepatide: Safety, Dosing & Research Guide",Retatrutide vs tirzepatide,Retatrutide,Weight Loss,Condition-Specific,2,
